;Unit;Group;Sample;source;Latitude_1 (wgs84);Longitud_1 (wgs84);BOSL1s;BOSL1s.sd;BOSL1s.se;BOSLF;BOSLF.sd;BOSLF.se;BOSLM;BOSLM.sd;BOSLM.se;BOSLS;BOSLS.sd;BOSLS.se;IRSL1.2s/BOSL1s;IRSL1.2s/BOSL1s.sd;IRSL1.2s/BOSL1s.se;TL110oC;TL110oC.sd;TL110oC.se;TL110pos;TL110pos.sd;TL110pos.se;TL325pos;TL325pos.sd;TL325pos.se
4;Serra Grande;Serra Grande;bp100;;-3.920214465;-41.24732839;12.33802969;0.758987896;0.379493948;39.25604459;1.137148401;0.568574201;32.13167725;0.920921899;0.460460949;28.61227816;1.125839696;0.562919848;23.46133883;6.140662612;3.070331306;76.52171162;0.742562578;0.371281289;96.2;0;0;325.35;0.9;0.45
12;Serra Grande;Serra Grande;bp102;;-3.918304438;-41.23145487;3.963302796;0.318142681;0.15907134;11.16004702;3.499478082;1.749739041;22.63362276;3.712427048;1.856213524;66.20633022;6.14453973;3.072269865;117.8352784;4.728083866;2.364041933;58.54678614;0.775324717;0.387662358;94.85;2.264950331;1.132475165;325.35;7.403377608;3.701688804
13;Serra Grande;Serra Grande;bp104a;;-3.90790394;-41.21270568;13.8715268;1.654404076;0.827202038;38.0082302;1.748127792;0.874063896;20.34229796;4.703366484;2.351683242;41.64947184;6.227317493;3.113658747;12.94771857;10.56867351;5.284336753;57.22968076;0.64465857;0.322329285;93.05;0.9;0.45;325.8;7.348469228;3.674234614
5;Serra Grande;Serra Grande;bp106;;-3.873737917;-41.16867546;4.295220776;0.197527552;0.098763776;16.43774758;0.730561606;0.365280803;21.34052276;1.095666104;0.547833052;62.22172966;0.463141107;0.231570554;95.57108364;10.92213711;5.461068556;35.79685355;1.94053184;0.97026592;96.65;0.9;0.45;324.9;4.284857057;2.142428529
39;Longa;Caninde;bp114;;-4.393401746;-41.6783669;6.38983649;0.329056644;0.164528322;24.16221188;12.31282548;6.156412739;25.12759975;12.61961022;6.309805111;50.71018837;19.82416604;9.912083021;11.54953989;7.923806554;3.961903277;61.79450215;3.045682799;1.5228414;97.1;1.039230485;0.519615242;334.8;4.156921938;2.078460969
75;Sambaiba;Balsas;bp120a;;-6.592197653;-47.43729208;27.17622851;5.278167245;2.639083623;58.83731327;4.908909841;2.454454921;15.43470269;0.840259409;0.420129705;25.72798404;4.422438649;2.211219325;2.751674082;1.75147955;0.875739775;70.06398313;1.147412012;0.573706006;95.75;1.723368794;0.861684397;319.05;2.7;1.35
76;Sambaiba;Balsas;bp121a;;-7.045136689;-47.44423319;15.13333588;3.011871784;1.505935892;43.01528652;8.257671229;4.128835614;16.44638219;5.251619231;2.625809616;40.5383313;5.454519363;2.727259682;7.064729834;1.528405885;0.764202943;50.05870053;1.244972456;0.622486228;95.75;1.723368794;0.861684397;324;2.545584412;1.272792206
77;Sambaiba;Balsas;bp121b;;-7.045136689;-47.44423319;14.36770866;5.012683103;2.506341551;46.031626;8.400472452;4.200236226;12.67401028;2.328277649;1.164138825;41.29436372;9.569809674;4.784904837;14.26194873;6.192358066;3.096179033;65.63009186;1.513783749;0.756891874;95.3;1.8;0.9;326.25;5.37494186;2.68747093
78;Sambaiba;Balsas;bp121c;;-7.045136689;-47.44423319;23.1135395;2.564263917;1.282131959;59.74438368;4.365570598;2.182785299;13.85093432;4.057384251;2.028692125;26.404682;1.80828672;0.90414336;9.724538133;8.363112173;4.181556087;67.32073443;1.002858414;0.501429207;96.2;1.469693846;0.734846923;329.4;2.545584412;1.272792206
79;Sambaiba;Balsas;bp121d;;-7.049321493;-47.44245484;16.97672776;4.491277234;2.245638617;52.38812429;5.73753986;2.86876993;14.13622641;1.332160898;0.666080449;33.47564929;6.499918604;3.249959302;7.94039328;6.757313672;3.378656836;65.19846073;3.392888468;1.696444234;95.3;1.039230485;0.519615242;325.35;5.94726828;2.97363414
80;Sambaiba;Balsas;bp121f;;-7.050749961;-47.44236282;31.58104828;3.293520198;1.646760099;69.27701901;5.720495719;2.860247859;11.55848629;3.959142623;1.979571312;19.1644947;2.152397827;1.076198913;4.158222677;3.11804862;1.55902431;67.92855313;1.236982997;0.618491499;93.5;1.039230485;0.519615242;314.55;5.37494186;2.68747093
81;Sambaiba;Balsas;bp121h;;-7.051025443;-47.44153196;29.26136127;0.738618645;0.369309322;60.19966415;6.272588373;3.136294187;26.51929705;5.516208688;2.758104344;13.2810388;0.772372152;0.386186076;0.804655729;0.462797644;0.231398822;65.97345277;1.512908814;0.756454407;95.3;1.039230485;0.519615242;339.3;4.284857057;2.142428529
82;Sambaiba;Balsas;bp123;;-6.816728689;-47.43565049;30.08997783;2.712894932;1.356447466;62.34265808;0.871857411;0.435928705;15.6434189;3.203709473;1.601854736;22.01392301;2.413910297;1.206955148;3.179489524;0.845671454;0.422835727;74.59792421;0.664386048;0.332193024;94.4;0;0;311.85;1.723368794;0.861684397
53;Poti;Caninde;bp131;;-7.455015332;-48.37073293;12.14231826;1.332351029;0.666175515;41.3639214;4.408647782;2.204323891;13.97150149;2.366553925;1.183276962;44.66457711;2.819429055;1.409714528;17.16863089;8.332210427;4.166105214;75.36550229;0.589859994;0.294929997;95.3;1.039230485;0.519615242;332.55;1.723368794;0.861684397
54;Poti;Caninde;bp132;;-7.886032063;-48.45662864;14.33834466;2.397352905;1.198676452;42.863342;6.22563604;3.11281802;22.28557488;4.836282128;2.418141064;34.85108312;3.16503044;1.58251522;5.957998924;3.46632517;1.733162585;74.86675269;2.82114815;1.410574075;95.3;2.323790008;1.161895004;320.85;6.794850992;3.397425496
70;Motuca;Balsas;bp133;;-8.08882486;-48.31618983;39.82751785;2.847197699;1.42359885;65.6314555;4.326636549;2.163318274;16.90644713;4.56710723;2.283553615;17.46209737;2.10130649;1.050653245;1.033047998;0.144734279;0.072367139;70.35142986;0.63456529;0.317282645;95.75;1.723368794;0.861684397;327.15;4.253234064;2.126617032
71;Motuca;Balsas;bp135;;-8.075993398;-48.19232357;9.113533429;0.86975181;0.434875905;29.46176977;4.499440047;2.249720023;20.39149718;4.575164437;2.287582219;50.14673305;2.661488735;1.330744367;10.66863639;5.063672765;2.531836383;47.68903597;2.370382484;1.185191242;94.85;0.9;0.45;321.3;3.117691454;1.558845727
55;Poti;Caninde;bp136;;-7.920664491;-48.08331377;10.5370933;1.850261376;0.925130688;32.2677914;6.996872031;3.498436015;18.60945274;0.95032837;0.475164185;49.12275586;7.306357441;3.65317872;15.71136019;17.66534169;8.832670845;57.8093589;3.976295116;1.988147558;94.85;2.7;1.35;332.55;3.07408523;1.537042615
56;Poti;Caninde;bp138;;-7.932217274;-47.8332895;5.709449745;0.794551042;0.397275521;22.1625385;5.156270153;2.578135076;25.0893157;2.555191454;1.277595727;52.74814581;4.808294383;2.404147191;73.32019521;2.907620882;1.453810441;33.21246722;0.888815446;0.444407723;95.75;1.723368794;0.861684397;329.4;2.545584412;1.272792206
63;Piaui;Balsas;bp139;;-7.947575523;-47.76778017;10.8512853;1.784297205;0.892148602;34.48752943;8.757038243;4.378519122;22.38506932;3.486595395;1.743297698;43.12740125;7.364728722;3.682364361;27.11955903;12.40502659;6.202513297;41.2626489;2.167262136;1.083631068;93.5;1.8;0.9;324.45;3.991240409;1.995620204
57;Poti;Caninde;bp140;;-7.999926483;-47.60532881;3.850762084;0.153117206;0.076558603;8.195338299;1.680082071;0.840041036;24.62211007;1.683017436;0.841508718;67.18255163;3.152280317;1.576140158;75.85810106;6.811459287;3.405729643;30.72594914;0.502499097;0.251249549;97.1;4.529900661;2.264950331;332.55;5.94726828;2.97363414
64;Piaui;Balsas;bp141;;-7.818295305;-47.42911986;18.97677189;0.457667316;0.228833658;52.14512587;1.322274163;0.661137081;16.68168386;1.467980198;0.733990099;31.17319028;0.716290464;0.358145232;4.830252354;2.47464388;1.23732194;36.73526982;1.897199277;0.948599639;94.4;1.469693846;0.734846923;331.65;3.07408523;1.537042615
72;Motuca;Balsas;bp143;;-7.04048765;-45.52596175;6.348677736;0.705149328;0.352574664;28.71258182;4.385785666;2.192892833;20.19386894;0.862532513;0.431266256;51.09354925;3.747481598;1.873740799;54.59560386;4.337197943;2.168598971;31.73574817;0.511195306;0.255597653;95.75;1.723368794;0.861684397;329.85;4.733920151;2.366960076
73;Motuca;Balsas;bp144;;-7.005024436;-45.46146989;8.698108319;1.704832914;0.852416457;37.9605112;6.157096823;3.078548412;16.34194386;2.379486217;1.189743109;45.69754493;4.044563924;2.022281962;37.59756917;4.438295373;2.219147687;32.28813633;0.601934287;0.300967144;97.1;1.039230485;0.519615242;333;2.545584412;1.272792206
68;Piaui;Balsas;bp146b;;-8.200291407;-46.04728911;19.98458814;1.77842042;0.88921021;56.71849477;2.233469066;1.116734533;15.4611777;3.058997958;1.529498979;27.82032753;1.316285867;0.658142933;7.730057585;1.845979116;0.922989558;47.51973698;1.506201256;0.753100628;93.95;2.7;1.35;326.25;3.710795063;1.855397532
65;Piaui;Balsas;bp150;;-8.454232063;-45.91136665;21.88539049;1.870947246;0.935473623;51.86998237;1.291948771;0.645974385;22.23569753;1.932896676;0.966448338;25.8943201;0.69328831;0.346644155;3.114256793;0.481814476;0.240907238;36.99733927;1.326827435;0.663413717;93.95;2.7;1.35;324.45;1.723368794;0.861684397
58;Poti;Caninde;bp154;;-9.058035518;-45.987052;13.81699089;0.784438731;0.392219365;40.53571738;3.343575002;1.671787501;18.06847647;2.84661765;1.423308825;41.39580615;1.045704636;0.522852318;8.201707577;1.826892386;0.913446193;25.83867381;0.825257567;0.412628783;94.85;1.723368794;0.861684397;328.05;3.710795063;1.855397532
69;Piaui;Balsas;bp155;;-9.140846268;-46.01748264;14.59722631;2.727915756;1.363957878;44.57004154;6.011655612;3.005827806;16.94194624;1.183450194;0.591725097;38.48801223;5.772982765;2.886491382;10.52697127;4.552866228;2.276433114;32.90154511;3.715793532;1.857896766;94.85;1.723368794;0.861684397;328.05;5.170106382;2.585053191
15;Pimenteiras;Caninde;bp165;;-8.912040215;-48.02944069;3.899870281;0.129793226;0.064896613;10.75018898;0.98281389;0.491406945;20.81270612;0.75015609;0.375078045;68.4371049;1.289757972;0.644878986;67.26225365;4.667749196;2.333874598;29.78694769;0.554936583;0.277468292;95.3;1.8;0.9;332.1;4.76235236;2.38117618
16;Pimenteiras;Caninde;bp171;;-8.844469516;-47.88513686;10.31853577;0.834582035;0.417291018;40.80802493;1.798438949;0.899219474;17.7107448;0.616847734;0.308423867;41.48123027;1.694636788;0.847318394;25.03321049;4.171068036;2.085534018;28.65650848;0.674092894;0.337046447;97.1;2.323790008;1.161895004;341.1;3.446737588;1.723368794
40;Longa;Caninde;bp172;;-8.785558853;-47.85535451;3.629092905;0.1824913;0.09124565;9.607905904;2.010864479;1.005432239;20.1916075;1.7880704;0.8940352;70.2004866;0.679342356;0.339671178;88.41146403;5.062570394;2.531285197;29.88240416;0.135566046;0.067783023;99.35;2.264950331;1.132475165;331.2;1.469693846;0.734846923
41;Longa;Caninde;bp173;;-8.790810089;-47.78019349;6.789340831;0.653031078;0.326515539;30.14429438;2.643948921;1.321974461;20.25647155;0.397370692;0.198685346;49.59923407;2.987100457;1.493550228;46.07329589;2.174010175;1.087005088;30.53323779;0.63605322;0.31802661;100.25;3.991240409;1.995620204;335.25;0.9;0.45
26;Cabecas;Caninde;bp174;;-8.843008749;-47.85531455;12.90170341;0.796916467;0.398458234;36.71268957;4.214857962;2.107428981;19.52565966;3.429435926;1.714717963;43.76165077;2.586558542;1.293279271;5.132445363;3.266150135;1.633075068;65.26681728;2.852985798;1.426492899;94.85;0.9;0.45;329.85;2.264950331;1.132475165
37;Cabecas;Caninde;bp175;;-9.03669245;-47.93918715;15.39798437;1.371490741;0.685745371;44.94947038;2.453905091;1.226952546;20.31700526;2.638159418;1.319079709;34.73352436;1.426980418;0.713490209;4.11079469;0.780078314;0.390039157;25.44661237;2.003541921;1.00177096;96.2;5.29905652;2.64952826;337.05;7.403377608;3.701688804
27;Cabecas;Caninde;bp177;;-9.024304314;-47.83034496;20.84338722;1.734533024;0.867266512;51.3642074;4.294972552;2.147486276;20.8643495;3.056981871;1.528490935;27.77144311;2.692212459;1.346106229;2.669310769;1.028412712;0.514206356;39.82279611;2.9737209;1.48686045;94.85;3.07408523;1.537042615;331.65;4.733920151;2.366960076
42;Longa;Caninde;bp179;;-9.061718423;-47.73505469;5.154079782;0.368334992;0.184167496;21.43139688;2.344388374;1.172194187;19.32396964;1.990027688;0.995013844;59.24463348;2.484326901;1.242163451;51.91680131;5.177342041;2.58867102;29.71710709;0.36978297;0.184891485;95.75;2.7;1.35;333.45;5.170106382;2.585053191
43;Longa;Caninde;bp180;;-9.063906382;-47.73244433;3.405226126;0.027341982;0.013670991;6.816485316;0.690682545;0.345341273;20.5390055;1.585701199;0.792850599;72.64450918;1.337378126;0.668689063;77.77343509;3.53402107;1.767010535;29.81171353;0.386950166;0.193475083;99.8;1.469693846;0.734846923;337.5;1.039230485;0.519615242
17;Pimenteiras;Caninde;bp181;;-9.529887521;-48.57851245;3.657504895;0.116640231;0.058320115;10.11868948;1.607441707;0.803720854;21.53070698;3.329073057;1.664536528;68.35060354;4.782690212;2.391345106;93.1656494;2.702491794;1.351245897;30.57426761;0.306222989;0.153111494;99.35;5.170106382;2.585053191;335.7;3.117691454;1.558845727
28;Cabecas;Caninde;bp182;;-9.545803819;-48.51725682;6.368454019;2.447746157;1.223873078;22.65138982;7.872832315;3.936416158;14.79103935;3.241052515;1.620526258;62.55757083;9.299019477;4.649509739;20.21288201;12.49228108;6.246140539;73.65615855;1.271324748;0.635662374;95.75;1.723368794;0.861684397;329.85;3.991240409;1.995620204
18;Pimenteiras;Caninde;bp184;;-9.445899926;-48.1624373;13.23552256;0.837669074;0.418834537;43.32794158;4.035702564;2.017851282;17.27434344;3.272616244;1.636308122;39.39771498;2.297622386;1.148811193;5.566941297;2.103915968;1.051957984;19.77587652;0.806198729;0.403099364;94.85;1.723368794;0.861684397;329.4;3.888444419;1.94422221
74;Motuca;Balsas;bp185;;-4.882388262;-43.38319531;4.964970051;0.287584635;0.143792317;23.36301619;1.249794687;0.624897344;17.38071596;1.455006009;0.727503004;59.25626785;2.573333548;1.286666774;101.7202456;6.147890284;3.073945142;28.01372859;0.870562174;0.435281087;110.6;10.49571341;5.247856705;328.5;3.117691454;1.558845727
29;Cabecas;Caninde;bp189;;-7.077617188;-41.50941914;22.18830285;5.756655275;2.878327638;61.62497689;7.695892052;3.847946026;9.901536442;3.397004231;1.698502116;28.47348667;7.140934625;3.570467312;3.450752942;2.073291786;1.036645893;44.5941054;2.423816049;1.211908025;97.1;1.039230485;0.519615242;330.3;2.323790008;1.161895004
30;Cabecas;Caninde;bp194;;-6.797846664;-41.73872852;17.88131134;2.874790948;1.437395474;47.95489053;4.362593357;2.181296678;12.53235573;3.183472576;1.591736288;39.51275374;1.990234027;0.995117014;7.840769505;3.111274285;1.555637142;18.56037419;0.560001705;0.280000853;95.75;0.9;0.45;331.2;4.874423043;2.437211521
44;Longa;Caninde;bp195;;-6.220635401;-41.85318529;17.33012735;1.207650878;0.603825439;48.52857668;1.613493636;0.806746818;15.02188129;4.777230347;2.388615174;36.44954202;3.716104431;1.858052216;4.598586684;1.031282564;0.515641282;75.21828653;2.018010333;1.009005166;95.3;1.8;0.9;322.65;4.733920151;2.366960076
45;Longa;Caninde;bp198;;-6.20080058;-42.13592583;2.944930833;0.116641193;0.058320596;51.2819748;37.67769219;18.8388461;13.09807441;12.43874431;6.219372153;35.61995079;25.4384389;12.71921945;107.4003992;10.52866821;5.264334105;14.61260352;0.218639041;0.10931952;116;10.8;5.4;337.5;4.76235236;2.38117618
31;Cabecas;Caninde;bp202;;-6.638589392;-41.72063027;53.24435112;0.771946972;0.385973486;71.37270504;3.188582114;1.594291057;19.31336083;3.334484173;1.667242086;9.313934122;0.624594433;0.312297217;0.059211993;0.029571445;0.014785723;74.52561912;1.961252187;0.980626094;93.95;0.9;0.45;323.55;3.07408523;1.537042615
19;Pimenteiras;Caninde;bp203;;-7.077602799;-41.48516417;2.861685533;0.111208496;0.055604248;3.996145019;1.419487175;0.709743588;26.3729918;6.427537451;3.213768725;69.63086318;7.131120603;3.565560302;115.413497;44.97462949;22.48731475;27.89422975;1.578742138;0.789371069;97.55;2.264950331;1.132475165;344.25;22.9749864;11.4874932
6;Serra Grande;Serra Grande;bp204;;-7.25321108;-41.23659167;11.55280099;0.443434819;0.221717409;34.87662982;1.949356269;0.974678135;19.87635466;4.324050333;2.162025167;45.24701552;2.859912257;1.429956129;5.798624201;3.573908899;1.78695445;32.03309402;2.632832276;1.316416138;96.2;1.469693846;0.734846923;326.25;0.9;0.45
7;Serra Grande;Serra Grande;bp207;;-7.526656886;-41.2897883;10.3441817;3.199782374;1.599891187;46.57365297;13.86794183;6.933970914;16.57869633;3.733790734;1.866895367;36.8476507;10.31985455;5.159927273;44.48806008;19.16366447;9.581832233;36.56325538;0.593104995;0.296552498;96.2;2.078460969;1.039230485;320.85;3.710795063;1.855397532
20;Pimenteiras;Caninde;bp208;;-7.454217124;-41.47974937;3.863640294;0.266264108;0.133132054;12.90851013;3.479420393;1.739710196;19.11787245;1.83096673;0.915483365;67.97361742;1.665126036;0.832563018;81.63897961;7.449846215;3.724923107;30.47442112;0.610381962;0.305190981;100.7;3.117691454;1.558845727;333.9;5.196152423;2.598076211
21;Pimenteiras;Caninde;bp210a;;-7.721721175;-41.6211382;4.218717164;0.164030323;0.082015162;16.11458905;0.79741752;0.39870876;16.64187775;1.089840991;0.544920495;67.2435332;0.38623659;0.193118295;49.2476467;10.48568019;5.242840095;27.26912594;0.452252807;0.226126404;102.05;3.07408523;1.537042615;326.25;3.991240409;1.995620204
32;Cabecas;Caninde;bp210b;;-7.721721175;-41.6211382;3.617046823;0.143605832;0.071802916;7.385356302;0.647836805;0.323918402;21.92374088;1.104757053;0.552378527;70.69090282;1.544885613;0.772442807;63.90903762;1.275826921;0.63791346;30.2663048;0.605294223;0.302647112;96.65;1.723368794;0.861684397;338.85;4.956813493;2.478406746
8;Serra Grande;Serra Grande;bp211;;-8.850362492;-42.56601388;8.108754201;2.073699793;1.036849896;23.71932227;7.102636957;3.551318479;17.03455623;6.408675214;3.204337607;59.2461215;3.806412816;1.903206408;23.08464077;2.672666828;1.336333414;58.81279499;2.984991095;1.492495548;96.65;2.7;1.35;328.95;5.37494186;2.68747093
9;Serra Grande;Serra Grande;bp214;;-8.887347308;-42.73453302;10.74407978;0.955507091;0.477753545;35.57679932;1.771549965;0.885774982;18.72255698;3.601668631;1.800834315;45.7006437;3.019384636;1.509692318;7.593672917;1.490576842;0.745288421;18.88224824;2.307895296;1.153947648;93.95;2.7;1.35;333.45;1.723368794;0.861684397
22;Pimenteiras;Caninde;bp219;;-8.33799346;-42.22703135;3.493449809;0.116879497;0.058439748;8.787860223;1.903921585;0.951960793;18.81883698;1.501830675;0.750915338;72.3933028;2.732650922;1.366325461;106.2533116;11.4474588;5.723729401;29.99082029;0.102284027;0.051142014;98.9;4.76235236;2.38117618;331.65;2.264950331;1.132475165
33;Cabecas;Caninde;bp220;;-8.208576986;-42.57529275;10.70575186;1.537812934;0.768906467;32.81700902;4.696505025;2.348252512;20.4479098;3.838763642;1.919381821;46.73508118;3.333230587;1.666615294;10.25437052;3.134832091;1.567416046;33.88174874;1.260759654;0.630379827;96.2;2.545584412;1.272792206;331.2;3.6;1.8
46;Longa;Caninde;bp223;;-8.187099626;-42.90423089;14.62003029;1.182302751;0.591151376;56.3270635;3.119250051;1.559625025;14.73309054;1.635703916;0.817851958;28.93984596;1.834639186;0.917319593;16.50136554;4.233016453;2.116508227;32.32104956;0.901873622;0.450936811;96.65;1.723368794;0.861684397;333;5.692099788;2.846049894
59;Poti;Caninde;bp226;;-8.028253424;-42.95048189;3.605268364;0.066812648;0.033406324;8.606991003;1.167968306;0.583984153;23.01282479;0.763495447;0.381747723;68.38018421;0.949939514;0.474969757;95.50584149;12.68439953;6.342199763;30.65938898;0.480228214;0.240114107;97.1;3.446737588;1.723368794;325.8;4.409081537;2.204540769
60;Poti;Caninde;bp238;;-6.803553572;-42.96844525;3.79880973;0.630086264;0.315043132;12.37078024;7.358797985;3.679398992;21.19991727;0.517043682;0.258521841;66.4293025;7.272394787;3.636197394;119.2685764;32.58789281;16.29394641;21.23580765;0.720419646;0.360209823;98;1.469693846;0.734846923;339.75;3.710795063;1.855397532
10;Serra Grande;Serra Grande;bp244;;-10.46412023;-45.13084363;6.113642061;0.745957023;0.372978512;28.81278334;2.473218372;1.236609186;16.17891468;1.060264813;0.530132406;55.00830199;2.777437939;1.388718969;33.84037133;4.216778031;2.108389016;44.74841075;0.632262835;0.316131418;95.75;1.723368794;0.861684397;327.6;3.888444419;1.94422221
61;Piaui;Balsas;bp63;;-4.995217669;-42.40562621;3.816811864;0.178967692;0.089483846;10.29092677;1.64465473;0.822327365;19.80327426;1.312437341;0.65621867;69.90579897;2.234205344;1.117102672;98.63151059;9.933979307;4.966989654;55.80572034;1.245262324;0.622631162;95.3;1.039230485;0.519615242;332.55;5.94726828;2.97363414
66;Piaui;Balsas;bp64;;-5.083420743;-42.40713337;3.779820368;0.309535677;0.154767839;10.39752725;1.002507738;0.501253869;21.76578517;2.730891956;1.365445978;67.83668759;2.205519082;1.102759541;135.1325837;48.11162201;24.055811;23.18603583;2.867070094;1.433535047;93.95;2.7;1.35;334.8;11.47867588;5.739337941
67;Piaui;Balsas;bp67;;-5.162898375;-42.37025331;4.210698404;0.687637161;0.34381858;14.29994614;6.058808818;3.029404409;21.69679019;1.572815919;0.786407959;64.00326367;7.443403997;3.721701999;84.56994844;30.20857256;15.10428628;25.31502029;1.405396733;0.702698366;99.35;3.07408523;1.537042615;325.8;3.286335345;1.643167673
62;Piaui;Balsas;bp68;;-5.203298378;-42.29006026;7.073394913;0.441588521;0.220794261;30.95271253;1.984380727;0.992190363;20.44569425;1.585753589;0.792876795;48.60159322;2.797919664;1.398959832;54.69622063;7.854559338;3.927279669;33.60589728;0.271505989;0.135752995;96.65;2.264950331;1.132475165;327.6;4.647580015;2.323790008
23;Cabecas;Caninde;bp72;;-5.43448776;-41.37490471;5.664404707;0.87500412;0.43750206;23.46590619;4.47931575;2.239657875;22.13387098;4.474726481;2.237363241;54.40022283;8.727232118;4.363616059;95.85484131;16.73067496;8.365337478;19.97069069;0.819182539;0.409591269;120.05;2.7;1.35;341.1;5.596427432;2.798213716
1;Serra Grande;Serra Grande;bp75a;;-5.31239348;-41.19359952;20.87408525;4.935586724;2.467793362;56.92144674;7.282880899;3.641440449;10.49431121;2.005394359;1.00269718;32.58424205;5.735528129;2.867764065;5.382587037;4.323772899;2.161886449;75.40597306;2.356304642;1.178152321;94.85;1.723368794;0.861684397;319.05;3.991240409;1.995620204
34;Cabecas;Caninde;bp78;;-5.367152751;-41.4784853;23.77908166;4.25975322;2.12987661;54.35446785;7.210156107;3.605078054;11.36595467;6.642890003;3.321445001;34.27957749;3.39701793;1.698508965;2.963969053;1.803949575;0.901974787;62.37639785;1.482084724;0.741042362;94.4;1.469693846;0.734846923;330.75;2.7;1.35
24;Cabecas;Caninde;bp79;;-5.201188219;-41.68708973;54.31200739;3.489390133;1.744695067;62.69481287;5.202812493;2.601406246;27.16599572;5.434838667;2.717419333;10.13919141;0.980833245;0.490416623;0.330622642;0.167552127;0.083776063;76.54074748;1.491209498;0.745604749;96.2;1.469693846;0.734846923;336.6;3.286335345;1.643167673
35;Cabecas;Caninde;bp81a;;-5.1900416;-41.7071428;4.584577899;0.210709338;0.105354669;18.50964923;1.525381698;0.762690849;19.1982528;1.321278958;0.660639479;62.29209797;1.529956836;0.764978418;107.8489382;11.77280581;5.886402903;29.13668663;0.87855332;0.43927666;103.85;1.723368794;0.861684397;336.6;2.939387691;1.469693846
47;Poti;Caninde;bp82a;;-5.185406605;-41.71117909;11.98955667;3.995304003;1.997652001;44.71743214;10.19599873;5.097999366;10.64151144;1.832803682;0.916401841;44.64105642;8.451984008;4.225992004;22.56178129;9.0848219;4.54241095;71.10558806;0.811526786;0.405763393;95.75;0.9;0.45;324;3.888444419;1.94422221
48;Poti;Caninde;bp82e;;-4.91824186;-42.17144866;4.345102773;0.454107679;0.22705384;15.4908287;5.088190203;2.544095102;21.26804349;2.380376174;1.190188087;63.24112781;4.177069968;2.088534984;122.6017075;53.08655308;26.54327654;58.128341;3.893733332;1.946866666;98;0;0;339.3;3.746998799;1.8734994
49;Poti;Caninde;bp82f;;-4.917477231;-42.17225367;4.293246117;0.284234664;0.142117332;14.79643003;2.056223376;1.028111688;20.00545525;1.765161453;0.882580727;65.19811472;2.078229702;1.039114851;147.0469877;45.8930448;22.9465224;25.99735788;1.365431313;0.682715656;97.1;1.039230485;0.519615242;336.15;4.956813493;2.478406746
50;Poti;Caninde;bp82g;;-4.91722366;-42.17211961;4.285115771;0.212949432;0.106474716;16.02049338;2.382221879;1.19111094;17.60887525;3.278939756;1.639469878;66.37063137;1.979665986;0.989832993;69.57180117;7.596561541;3.798280771;32.04369714;1.417682162;0.708841081;95.75;1.723368794;0.861684397;340.65;2.7;1.35
51;Poti;Caninde;bp82h;;-4.916000454;-42.17132298;4.591679863;0.521725897;0.260862948;18.6700317;4.344042442;2.172021221;17.56585222;0.939904769;0.469952385;63.76411608;4.870020903;2.435010451;59.44799253;3.014340917;1.507170459;27.66742619;0.718760349;0.359380174;97.1;1.8;0.9;339.3;4.284857057;2.142428529
52;Poti;Caninde;bp82i;;-4.91472395;-42.17074279;16.91103835;16.99005298;8.495026488;34.75663467;18.14941141;9.074705704;18.15162268;12.4295521;6.21477605;47.09174266;25.6876001;12.84380005;23.28404665;27.36987023;13.68493512;71.85176031;3.453495267;1.726747633;96.65;2.264950331;1.132475165;336.15;8.984987479;4.49249374
38;Longa;Caninde;bp83;;-4.82673611;-42.17572224;2.891180365;0.137670408;0.068835204;5.119702732;1.424396802;0.712198401;39.00806017;12.13600679;6.068003395;55.8722371;11.33830728;5.66915364;141.7235375;25.61247509;12.80623754;22.45865484;1.549962003;0.774981002;105.2;6.059702963;3.029851482;342.9;3.746998799;1.8734994
2;Serra Grande;Serra Grande;bp86;;-4.744447215;-40.91933916;8.681025744;0.505003571;0.252501786;33.5510753;2.858044307;1.429022154;8.538887192;1.938778207;0.969389104;57.91003751;2.088339476;1.044169738;16.95678731;1.987592998;0.993796499;62.91261854;1.717348369;0.858674184;94.85;0.9;0.45;334.8;1.469693846;0.734846923
11;Serra Grande;Serra Grande;bp87;;-4.623320634;-41.12959739;3.617793298;0.145422103;0.072711052;10.2268568;2.70342085;1.351710425;22.97544773;2.672275872;1.336137936;66.79769548;4.06326401;2.031632005;123.66088;14.11468353;7.057341764;40.98154518;0.791293884;0.395646942;97.55;1.723368794;0.861684397;326.25;3.991240409;1.995620204
3;Serra Grande;Serra Grande;bp89;;-4.561970719;-41.24842768;4.838275752;0.568317788;0.284158894;19.65642723;2.765865135;1.382932567;20.42762203;2.153686851;1.076843425;59.91595074;4.781236825;2.390618412;85.48060092;7.972772602;3.986386301;60.72420367;1.503506965;0.751753482;94.85;1.723368794;0.861684397;319.5;4.76235236;2.38117618
25;Cabecas;Caninde;bp94;;-4.444920815;-41.55132061;5.814665898;0.679143038;0.339571519;23.49864631;5.665373875;2.832686937;26.33757422;3.790328555;1.895164277;50.16377946;5.034863295;2.517431648;20.90260722;35.65524245;17.82762123;70.06370349;3.326457609;1.663228805;95.3;1.039230485;0.519615242;337.05;5.94726828;2.97363414
36;Cabecas;Caninde;bp96;;-4.433549427;-41.71394012;18.12507724;3.07237158;1.53618579;51.51718019;3.605482086;1.802741043;13.78753105;1.48043192;0.74021596;34.69528876;3.068307825;1.534153912;9.054507557;3.779706085;1.889853042;48.43741294;1.6607742;0.8303871;95.3;1.8;0.9;329.85;6.469157596;3.234578798
14;Pimenteiras;Caninde;bp98;;-4.028648759;-41.48004239;9.464816791;1.525369399;0.762684699;34.53017178;5.067489243;2.533744622;20.12145853;3.359735035;1.679867518;45.34836969;1.847280544;0.923640272;27.91662407;11.16658259;5.583291294;41.98914343;1.858577366;0.929288683;95.3;1.039230485;0.519615242;328.95;3.07408523;1.537042615
